年,転出元,転入先,移動者数
2025,神奈川県,東京都,88983
2025,東京都,神奈川県,87758
2025,東京都,埼玉県,71169
2025,埼玉県,東京都,66159
2025,東京都,千葉県,54942
2025,千葉県,東京都,54170
2025,兵庫県,大阪府,33926
2025,大阪府,兵庫県,31591
2025,大阪府,東京都,26284
2025,東京都,大阪府,20207
2025,愛知県,東京都,20087
2025,千葉県,神奈川県,18527
2025,千葉県,埼玉県,17732
2025,京都府,大阪府,17368
2025,埼玉県,神奈川県,16859
2025,埼玉県,千葉県,16521
2025,神奈川県,千葉県,16349
2025,岐阜県,愛知県,15999
2025,神奈川県,埼玉県,15791
2025,福岡県,東京都,14955
2025,愛知県,岐阜県,14247
2025,北海道,東京都,13948
2025,東京都,愛知県,13732
2025,大阪府,京都府,13161
2025,茨城県,東京都,12694
2025,兵庫県,東京都,12325
2025,静岡県,東京都,12280
2025,茨城県,千葉県,11557
2025,東京都,福岡県,11108
2025,三重県,愛知県,10975
2025,東京都,北海道,10654
2025,千葉県,茨城県,10451
2025,静岡県,愛知県,10352
2025,愛知県,大阪府,10164
2025,静岡県,神奈川県,9950
2025,東京都,茨城県,9879
2025,愛知県,静岡県,9645
2025,大阪府,神奈川県,9631
2025,奈良県,大阪府,9533
2025,大阪府,奈良県,9500
2025,愛知県,神奈川県,9446
2025,大阪府,愛知県,9054
2025,東京都,静岡県,8985
2025,愛知県,三重県,8939
2025,宮城県,東京都,8935
2025,群馬県,埼玉県,8623
2025,熊本県,福岡県,8484
2025,東京都,兵庫県,8125
2025,長崎県,福岡県,8057
2025,神奈川県,大阪府,8027
2025,神奈川県,静岡県,7777
2025,京都府,東京都,7696
2025,栃木県,東京都,7636
2025,長野県,東京都,7582
2025,茨城県,埼玉県,7524
2025,神奈川県,愛知県,7450
2025,埼玉県,群馬県,7411
2025,福岡県,熊本県,7295
2025,群馬県,東京都,7271
2025,佐賀県,福岡県,7115
2025,大分県,福岡県,7076
2025,広島県,東京都,7016
2025,福岡県,大阪府,6861
2025,新潟県,東京都,6758
2025,東京都,長野県,6607
2025,大阪府,千葉県,6405
2025,栃木県,埼玉県,6320
2025,福岡県,佐賀県,6275
2025,埼玉県,茨城県,6259
2025,北海道,神奈川県,6206
2025,東京都,群馬県,6165
2025,東京都,京都府,6089
2025,鹿児島県,福岡県,6049
2025,滋賀県,大阪府,5995
2025,東京都,栃木県,5981
2025,福岡県,神奈川県,5932
2025,茨城県,神奈川県,5859
2025,大阪府,福岡県,5846
2025,福岡県,大分県,5815
2025,京都府,滋賀県,5808
2025,和歌山県,大阪府,5744
2025,福岡県,長崎県,5685
2025,東京都,宮城県,5655
2025,福島県,東京都,5549
2025,広島県,大阪府,5473
2025,千葉県,大阪府,5446
2025,大阪府,埼玉県,5409
2025,愛知県,千葉県,5406
2025,愛知県,埼玉県,5367
2025,大阪府,滋賀県,5276
2025,山口県,福岡県,5160
2025,沖縄県,東京都,5149
2025,兵庫県,神奈川県,5124
2025,京都府,兵庫県,5117
2025,兵庫県,京都府,5085
2025,神奈川県,福岡県,5063
2025,神奈川県,北海道,5043
2025,埼玉県,栃木県,4951
2025,埼玉県,大阪府,4916
2025,滋賀県,京都府,4782
2025,東京都,沖縄県,4772
2025,千葉県,北海道,4768
2025,山梨県,東京都,4704
2025,千葉県,愛知県,4616
2025,北海道,千葉県,4582
2025,広島県,岡山県,4575
2025,神奈川県,茨城県,4564
2025,埼玉県,愛知県,4465
2025,福島県,宮城県,4435
2025,岡山県,大阪府,4358
2025,岩手県,宮城県,4315
2025,愛知県,兵庫県,4305
2025,岡山県,広島県,4302
2025,北海道,埼玉県,4293
2025,兵庫県,愛知県,4282
2025,大阪府,和歌山県,4257
2025,山口県,広島県,4213
2025,神奈川県,兵庫県,4179
2025,東京都,新潟県,4167
2025,福岡県,鹿児島県,4155
2025,東京都,広島県,4125
2025,広島県,山口県,4123
2025,茨城県,栃木県,3989
2025,宮崎県,福岡県,3952
2025,福岡県,愛知県,3948
2025,宮城県,神奈川県,3945
2025,福岡県,千葉県,3901
2025,栃木県,茨城県,3873
2025,東京都,山梨県,3717
2025,栃木県,神奈川県,3713
2025,愛知県,福岡県,3712
2025,広島県,福岡県,3694
2025,埼玉県,北海道,3651
2025,三重県,大阪府,3640
2025,宮城県,埼玉県,3628
2025,岡山県,東京都,3574
2025,岐阜県,東京都,3561
2025,大阪府,広島県,3509
2025,福岡県,埼玉県,3509
2025,静岡県,埼玉県,3503
2025,山形県,宮城県,3495
2025,熊本県,東京都,3449
2025,静岡県,千葉県,3414
2025,宮城県,福島県,3406
2025,鹿児島県,東京都,3406
2025,青森県,東京都,3403
2025,岡山県,兵庫県,3392
2025,福岡県,山口県,3378
2025,東京都,福島県,3375
2025,長野県,神奈川県,3330
2025,広島県,神奈川県,3294
2025,新潟県,埼玉県,3214
2025,群馬県,神奈川県,3210
2025,新潟県,神奈川県,3204
2025,石川県,東京都,3175
2025,兵庫県,千葉県,3169
2025,千葉県,静岡県,3097
2025,栃木県,群馬県,3096
2025,宮城県,岩手県,3084
2025,大阪府,岡山県,3068
2025,千葉県,福岡県,3064
2025,神奈川県,長野県,3059
2025,神奈川県,栃木県,3049
2025,広島県,兵庫県,3031
2025,沖縄県,福岡県,3016
2025,北海道,大阪府,3000
2025,京都府,神奈川県,2989
2025,岩手県,東京都,2985
2025,福岡県,兵庫県,2973
2025,長野県,愛知県,2970
2025,群馬県,栃木県,2957
2025,三重県,東京都,2939
2025,宮城県,千葉県,2938
2025,埼玉県,福岡県,2930
2025,埼玉県,静岡県,2922
2025,福岡県,宮崎県,2913
2025,長野県,埼玉県,2902
2025,愛知県,京都府,2900
2025,福岡県,広島県,2877
2025,青森県,宮城県,2863
2025,福島県,埼玉県,2852
2025,千葉県,栃木県,2846
2025,静岡県,大阪府,2835
2025,大阪府,三重県,2786
2025,愛知県,北海道,2746
2025,大阪府,北海道,2742
2025,山形県,東京都,2736
2025,栃木県,千葉県,2734
2025,愛知県,長野県,2718
2025,京都府,愛知県,2691
2025,福島県,神奈川県,2650
2025,兵庫県,福岡県,2633
2025,神奈川県,宮城県,2628
2025,沖縄県,神奈川県,2615
2025,神奈川県,群馬県,2603
2025,兵庫県,埼玉県,2601
2025,鹿児島県,宮崎県,2597
2025,愛媛県,東京都,2596
2025,愛知県,滋賀県,2585
2025,埼玉県,長野県,2576
2025,愛媛県,大阪府,2553
2025,滋賀県,東京都,2551
2025,福岡県,沖縄県,2543
2025,北海道,愛知県,2524
2025,滋賀県,愛知県,2474
2025,長崎県,東京都,2471
2025,富山県,東京都,2464
2025,千葉県,兵庫県,2442
2025,鹿児島県,熊本県,2435
2025,東京都,鹿児島県,2426
2025,宮崎県,鹿児島県,2404
2025,神奈川県,沖縄県,2404
2025,宮城県,山形県,2402
2025,千葉県,群馬県,2399
2025,東京都,熊本県,2395
2025,埼玉県,宮城県,2370
2025,秋田県,東京都,2361
2025,神奈川県,広島県,2360
2025,奈良県,東京都,2347
2025,山口県,東京都,2339
2025,群馬県,千葉県,2333
2025,香川県,大阪府,2333
2025,秋田県,宮城県,2322
2025,兵庫県,岡山県,2307
2025,大阪府,静岡県,2296
2025,神奈川県,京都府,2283
2025,宮崎県,東京都,2274
2025,大阪府,沖縄県,2264
2025,広島県,愛知県,2226
2025,大分県,東京都,2218
2025,富山県,石川県,2205
2025,山梨県,神奈川県,2204
2025,沖縄県,大阪府,2200
2025,奈良県,京都府,2194
2025,千葉県,宮城県,2186
2025,東京都,青森県,2180
2025,東京都,岡山県,2171
2025,石川県,愛知県,2156
2025,兵庫県,広島県,2128
2025,熊本県,鹿児島県,2127
2025,京都府,奈良県,2126
2025,福島県,千葉県,2125
2025,滋賀県,兵庫県,2112
2025,香川県,東京都,2071
2025,東京都,岐阜県,2056
2025,島根県,広島県,2055
2025,埼玉県,兵庫県,2052
2025,石川県,富山県,2037
2025,兵庫県,滋賀県,2036
2025,東京都,石川県,2015
2025,千葉県,長野県,2008
2025,新潟県,千葉県,1995
2025,愛媛県,香川県,1977
2025,埼玉県,新潟県,1975
2025,長野県,千葉県,1972
2025,宮城県,北海道,1952
2025,茨城県,群馬県,1938
2025,東京都,岩手県,1922
2025,神奈川県,山梨県,1922
2025,広島県,島根県,1920
2025,北海道,宮城県,1919
2025,愛媛県,広島県,1916
2025,青森県,神奈川県,1905
2025,徳島県,大阪府,1898
2025,東京都,三重県,1877
2025,鹿児島県,大阪府,1877
2025,宮城県,青森県,1874
2025,長崎県,佐賀県,1836
2025,福島県,茨城県,1827
2025,神奈川県,新潟県,1791
2025,奈良県,兵庫県,1781
2025,広島県,千葉県,1781
2025,神奈川県,福島県,1779
2025,岐阜県,大阪府,1768
2025,三重県,神奈川県,1762
2025,沖縄県,千葉県,1760
2025,愛知県,石川県,1757
2025,兵庫県,奈良県,1742
2025,青森県,北海道,1707
2025,埼玉県,福島県,1695
2025,広島県,愛媛県,1694
2025,東京都,滋賀県,1691
2025,石川県,大阪府,1677
2025,千葉県,福島県,1676
2025,岐阜県,神奈川県,1665
2025,東京都,山形県,1663
2025,東京都,長崎県,1652
2025,山口県,大阪府,1650
2025,鹿児島県,神奈川県,1649
2025,千葉県,沖縄県,1643
2025,東京都,富山県,1641
2025,大阪府,愛媛県,1621
2025,熊本県,神奈川県,1611
2025,京都府,千葉県,1609
2025,岡山県,神奈川県,1608
2025,愛知県,沖縄県,1601
2025,群馬県,茨城県,1600
2025,香川県,愛媛県,1592
2025,茨城県,福島県,1590
2025,東京都,愛媛県,1589
2025,茨城県,愛知県,1589
2025,北海道,茨城県,1574
2025,茨城県,北海道,1573
2025,愛知県,広島県,1572
2025,北海道,福岡県,1571
2025,福井県,東京都,1565
2025,大阪府,香川県,1562
2025,大分県,熊本県,1561
2025,広島県,埼玉県,1556
2025,福岡県,京都府,1556
2025,高知県,大阪府,1556
2025,千葉県,新潟県,1552
2025,青森県,岩手県,1550
2025,福岡県,北海道,1537
2025,宮崎県,熊本県,1531
2025,岩手県,青森県,1526
2025,福島県,栃木県,1524
2025,岐阜県,三重県,1514
2025,沖縄県,愛知県,1512
2025,三重県,岐阜県,1507
2025,佐賀県,長崎県,1504
2025,東京都,山口県,1504
2025,東京都,奈良県,1501
2025,埼玉県,沖縄県,1493
2025,福井県,大阪府,1493
2025,熊本県,大阪府,1489
2025,京都府,埼玉県,1472
2025,東京都,秋田県,1472
2025,東京都,大分県,1470
2025,岩手県,神奈川県,1468
2025,香川県,兵庫県,1467
2025,大阪府,鹿児島県,1465
2025,福井県,石川県,1465
2025,富山県,愛知県,1451
2025,長崎県,神奈川県,1447
2025,岡山県,福岡県,1446
2025,東京都,宮崎県,1442
2025,北海道,青森県,1431
2025,石川県,神奈川県,1427
2025,愛知県,茨城県,1423
2025,青森県,埼玉県,1420
2025,神奈川県,青森県,1417
2025,香川県,岡山県,1405
2025,沖縄県,埼玉県,1402
2025,長崎県,熊本県,1401
2025,愛媛県,兵庫県,1398
2025,宮城県,秋田県,1385
2025,東京都,香川県,1385
2025,宮城県,大阪府,1383
2025,熊本県,大分県,1368
2025,大阪府,茨城県,1365
2025,大阪府,岐阜県,1362
2025,滋賀県,神奈川県,1362
2025,鳥取県,大阪府,1352
2025,山形県,神奈川県,1347
2025,京都府,福岡県,1338
2025,高知県,東京都,1333
2025,北海道,静岡県,1328
2025,北海道,兵庫県,1326
2025,静岡県,兵庫県,1325
2025,千葉県,京都府,1324
2025,茨城県,大阪府,1323
2025,神奈川県,鹿児島県,1322
2025,岡山県,愛知県,1321
2025,佐賀県,東京都,1316
2025,埼玉県,京都府,1316
2025,兵庫県,北海道,1302
2025,岩手県,埼玉県,1300
2025,宮城県,愛知県,1290
2025,岡山県,香川県,1281
2025,静岡県,北海道,1280
2025,広島県,京都府,1277
2025,愛知県,富山県,1276
2025,新潟県,長野県,1275
2025,群馬県,愛知県,1273
2025,和歌山県,東京都,1262
2025,兵庫県,静岡県,1260
2025,熊本県,長崎県,1257
2025,福井県,愛知県,1254
2025,青森県,千葉県,1253
2025,徳島県,香川県,1251
2025,岐阜県,静岡県,1241
2025,長野県,大阪府,1239
2025,三重県,兵庫県,1236
2025,栃木県,愛知県,1232
2025,長野県,群馬県,1232
2025,山口県,神奈川県,1229
2025,島根県,大阪府,1225
2025,新潟県,群馬県,1222
2025,大阪府,石川県,1216
2025,徳島県,兵庫県,1204
2025,山梨県,埼玉県,1201
2025,千葉県,広島県,1199
2025,熊本県,宮崎県,1196
2025,長崎県,大阪府,1195
2025,愛知県,栃木県,1193
2025,三重県,静岡県,1178
2025,徳島県,東京都,1176
2025,大阪府,徳島県,1173
2025,長野県,新潟県,1169
2025,岩手県,千葉県,1167
2025,神奈川県,長崎県,1162
2025,大阪府,熊本県,1161
2025,神奈川県,三重県,1159
2025,島根県,鳥取県,1158
2025,大阪府,長野県,1156
2025,香川県,徳島県,1146
2025,愛知県,群馬県,1138
2025,宮崎県,神奈川県,1136
2025,大阪府,山口県,1127
2025,三重県,埼玉県,1126
2025,石川県,福井県,1120
2025,静岡県,福岡県,1117
2025,静岡県,山梨県,1116
2025,埼玉県,広島県,1112
2025,静岡県,岐阜県,1111
2025,北海道,京都府,1110
2025,北海道,沖縄県,1109
2025,富山県,神奈川県,1104
2025,和歌山県,兵庫県,1101
2025,鹿児島県,愛知県,1096
2025,鳥取県,島根県,1093
2025,群馬県,長野県,1086
2025,神奈川県,熊本県,1083
2025,愛知県,宮城県,1082
2025,静岡県,茨城県,1082
2025,静岡県,京都府,1081
2025,島根県,東京都,1079
2025,山梨県,静岡県,1078
2025,熊本県,愛知県,1077
2025,長野県,静岡県,1076
2025,岡山県,京都府,1074
2025,千葉県,山梨県,1069
2025,神奈川県,岐阜県,1065
2025,静岡県,三重県,1063
2025,愛知県,福井県,1061
2025,山形県,埼玉県,1058
2025,三重県,千葉県,1057
2025,福岡県,静岡県,1057
2025,愛媛県,高知県,1051
2025,茨城県,静岡県,1050
2025,大分県,大阪府,1049
2025,鹿児島県,千葉県,1046
2025,宮崎県,大阪府,1043
2025,福岡県,岡山県,1042
2025,兵庫県,香川県,1040
2025,大阪府,宮城県,1030
2025,神奈川県,岩手県,1028
2025,愛媛県,神奈川県,1022
2025,兵庫県,和歌山県,1021
2025,埼玉県,山梨県,1016
2025,神奈川県,岡山県,1016
2025,岐阜県,埼玉県,1015
2025,山形県,福島県,1013
2025,神奈川県,滋賀県,1011
2025,鳥取県,東京都,1011
2025,秋田県,神奈川県,999
2025,三重県,滋賀県,996
2025,兵庫県,沖縄県,994
2025,栃木県,福島県,994
2025,京都府,北海道,991
2025,千葉県,岩手県,989
2025,茨城県,宮城県,989
2025,愛知県,奈良県,984
2025,三重県,京都府,980
2025,富山県,大阪府,977
2025,埼玉県,青森県,972
2025,愛知県,岡山県,970
2025,神奈川県,石川県,969
2025,大阪府,宮崎県,968
2025,宮崎県,大分県,968
2025,鳥取県,兵庫県,967
2025,高知県,愛媛県,966
2025,兵庫県,三重県,962
2025,長野県,山梨県,961
2025,静岡県,長野県,958
2025,京都府,広島県,957
2025,奈良県,愛知県,957
2025,千葉県,鹿児島県,955
2025,沖縄県,兵庫県,954
2025,大分県,神奈川県,951
2025,愛媛県,岡山県,950
2025,山口県,兵庫県,949
2025,岐阜県,千葉県,948
2025,熊本県,埼玉県,941
2025,新潟県,愛知県,940
2025,京都府,静岡県,939
2025,宮城県,茨城県,939
2025,秋田県,岩手県,939
2025,大阪府,福井県,937
2025,山梨県,千葉県,937
2025,石川県,埼玉県,930
2025,山形県,千葉県,929
2025,岡山県,千葉県,929
2025,千葉県,青森県,919
2025,秋田県,埼玉県,919
2025,高知県,香川県,917
2025,香川県,広島県,914
2025,広島県,香川県,913
2025,福岡県,茨城県,912
2025,長崎県,鹿児島県,911
2025,兵庫県,愛媛県,910
2025,奈良県,神奈川県,906
2025,愛知県,鹿児島県,903
2025,群馬県,新潟県,903
2025,千葉県,三重県,901
2025,岩手県,北海道,894
2025,宮城県,栃木県,892
2025,沖縄県,北海道,892
2025,静岡県,栃木県,890
2025,山梨県,長野県,887
2025,熊本県,千葉県,883
2025,新潟県,大阪府,881
2025,佐賀県,熊本県,878
2025,栃木県,宮城県,876
2025,鹿児島県,埼玉県,876
2025,大阪府,島根県,875
2025,大分県,宮崎県,874
2025,鹿児島県,兵庫県,874
2025,埼玉県,岐阜県,869
2025,大阪府,高知県,868
2025,滋賀県,三重県,865
2025,秋田県,千葉県,865
2025,福島県,山形県,864
2025,兵庫県,徳島県,861
2025,東京都,高知県,860
2025,長野県,岐阜県,860
2025,愛媛県,福岡県,857
2025,大阪府,大分県,856
2025,岡山県,埼玉県,855
2025,愛知県,熊本県,854
2025,神奈川県,山口県,853
2025,埼玉県,岩手県,851
2025,東京都,佐賀県,849
2025,香川県,神奈川県,847
2025,三重県,奈良県,843
2025,栃木県,大阪府,842
2025,石川県,千葉県,838
2025,鹿児島県,長崎県,837
2025,兵庫県,茨城県,833
2025,山口県,千葉県,832
2025,埼玉県,三重県,831
2025,福井県,京都府,830
2025,神奈川県,宮崎県,829
2025,千葉県,岡山県,828
2025,茨城県,福岡県,828
2025,大分県,長崎県,827
2025,沖縄県,鹿児島県,827
2025,北海道,栃木県,826
2025,山口県,岡山県,821
2025,岡山県,愛媛県,817
2025,群馬県,静岡県,816
2025,大阪府,栃木県,815
2025,千葉県,岐阜県,814
2025,愛媛県,愛知県,814
2025,茨城県,兵庫県,814
2025,群馬県,大阪府,810
2025,富山県,埼玉県,809
2025,神奈川県,山形県,806
2025,大阪府,長崎県,804
2025,鹿児島県,沖縄県,804
2025,岩手県,秋田県,803
2025,鳥取県,広島県,803
2025,東京都,島根県,802
2025,埼玉県,熊本県,800
2025,東京都,福井県,799
2025,熊本県,佐賀県,799
2025,高知県,兵庫県,799
2025,富山県,千葉県,798
2025,滋賀県,岐阜県,797
2025,岐阜県,兵庫県,792
2025,長崎県,千葉県,787
2025,大阪府,鳥取県,786
2025,愛媛県,千葉県,785
2025,長崎県,愛知県,782
2025,秋田県,青森県,776
2025,山口県,愛知県,769
2025,茨城県,長野県,763
2025,北海道,長野県,761
2025,鳥取県,岡山県,761
2025,静岡県,群馬県,758
2025,東京都,和歌山県,756
2025,神奈川県,大分県,756
2025,栃木県,静岡県,754
2025,青森県,秋田県,751
2025,大阪府,富山県,750
2025,埼玉県,石川県,749
2025,栃木県,北海道,745
2025,宮城県,福岡県,744
2025,北海道,群馬県,739
2025,千葉県,熊本県,739
2025,岡山県,山口県,739
2025,滋賀県,埼玉県,739
2025,京都府,三重県,732
2025,福島県,新潟県,730
2025,大阪府,群馬県,729
2025,神奈川県,秋田県,729
2025,京都府,岡山県,727
2025,兵庫県,鳥取県,727
2025,福島県,北海道,725
2025,岐阜県,滋賀県,722
2025,宮城県,静岡県,720
2025,兵庫県,岐阜県,717
2025,北海道,福島県,717
2025,愛知県,新潟県,717
2025,広島県,熊本県,713
2025,滋賀県,千葉県,712
2025,北海道,岩手県,706
2025,広島県,鳥取県,706
2025,岐阜県,長野県,705
2025,長野県,北海道,704
2025,宮崎県,愛知県,700
2025,島根県,兵庫県,699
2025,神奈川県,奈良県,699
2025,島根県,岡山県,698
2025,和歌山県,京都府,696
2025,石川県,京都府,693
2025,千葉県,山形県,692
2025,大阪府,新潟県,688
2025,千葉県,石川県,687
2025,埼玉県,鹿児島県,687
2025,愛知県,長崎県,687
2025,長崎県,兵庫県,687
2025,東京都,徳島県,686
2025,岡山県,鳥取県,685
2025,新潟県,宮城県,685
2025,長野県,茨城県,680
2025,大分県,愛知県,675
2025,山形県,新潟県,674
2025,神奈川県,富山県,674
2025,山梨県,愛知県,671
2025,奈良県,三重県,670
2025,石川県,兵庫県,668
2025,長崎県,広島県,666
2025,香川県,高知県,666
2025,広島県,静岡県,664
2025,埼玉県,滋賀県,663
2025,大分県,千葉県,663
2025,新潟県,石川県,663
2025,神奈川県,愛媛県,660
2025,兵庫県,山口県,659
2025,新潟県,富山県,658
2025,岩手県,福島県,655
2025,長崎県,埼玉県,655
2025,静岡県,宮城県,655
2025,熊本県,兵庫県,652
2025,埼玉県,山形県,649
2025,富山県,新潟県,648
2025,愛知県,山口県,647
2025,沖縄県,熊本県,647
2025,神奈川県,香川県,647
2025,佐賀県,大阪府,646
2025,新潟県,北海道,645
2025,北海道,広島県,642
2025,新潟県,茨城県,642
2025,岡山県,島根県,641
2025,宮崎県,千葉県,640
2025,奈良県,千葉県,638
2025,山口県,埼玉県,636
2025,北海道,新潟県,634
2025,広島県,長崎県,632
2025,埼玉県,岡山県,631
2025,広島県,北海道,631
2025,千葉県,秋田県,630
2025,岐阜県,京都府,630
2025,長崎県,大分県,629
2025,兵庫県,鹿児島県,628
2025,兵庫県,熊本県,624
2025,福井県,神奈川県,624
2025,長崎県,沖縄県,624
2025,愛媛県,徳島県,623
2025,沖縄県,京都府,623
2025,愛知県,山梨県,622
2025,鹿児島県,大分県,621
2025,愛媛県,埼玉県,619
2025,京都府,福井県,616
2025,福島県,大阪府,616
2025,千葉県,滋賀県,615
2025,愛知県,宮崎県,615
2025,熊本県,広島県,613
2025,福島県,愛知県,613
2025,宮城県,兵庫県,611
2025,千葉県,佐賀県,608
2025,東京都,鳥取県,608
2025,香川県,愛知県,602
2025,香川県,福岡県,600
2025,奈良県,滋賀県,599
2025,佐賀県,神奈川県,598
2025,千葉県,富山県,597
2025,石川県,新潟県,595
2025,愛知県,福島県,593
2025,群馬県,北海道,592
2025,千葉県,山口県,583
2025,福岡県,宮城県,582
2025,千葉県,長崎県,580
2025,福岡県,愛媛県,580
2025,大分県,鹿児島県,579
2025,沖縄県,長崎県,579
2025,茨城県,新潟県,578
2025,新潟県,福島県,577
2025,秋田県,北海道,577
2025,兵庫県,長野県,575
2025,香川県,千葉県,575
2025,和歌山県,愛知県,574
2025,熊本県,沖縄県,573
2025,徳島県,愛媛県,572
2025,北海道,鹿児島県,570
2025,島根県,山口県,570
2025,宮崎県,埼玉県,569
2025,静岡県,沖縄県,569
2025,静岡県,滋賀県,567
2025,福島県,岩手県,566
2025,京都府,沖縄県,562
2025,愛知県,大分県,561
2025,宮城県,新潟県,559
2025,千葉県,愛媛県,558
2025,愛媛県,京都府,558
2025,京都府,岐阜県,557
2025,奈良県,和歌山県,555
2025,福岡県,三重県,555
2025,静岡県,広島県,555
2025,兵庫県,島根県,551
2025,広島県,滋賀県,550
2025,福井県,兵庫県,549
2025,千葉県,宮崎県,547
2025,兵庫県,高知県,545
2025,千葉県,大分県,544
2025,埼玉県,秋田県,543
2025,長野県,兵庫県,542
2025,大分県,埼玉県,540
2025,福井県,富山県,540
2025,愛知県,愛媛県,538
2025,山形県,北海道,536
2025,香川県,京都府,534
2025,熊本県,北海道,529
2025,鹿児島県,北海道,529
2025,栃木県,長野県,528
2025,福岡県,滋賀県,528
2025,奈良県,埼玉県,527
2025,滋賀県,福岡県,527
2025,広島県,鹿児島県,525
2025,秋田県,山形県,525
2025,香川県,埼玉県,525
2025,福岡県,栃木県,522
2025,和歌山県,奈良県,521
2025,青森県,福島県,519
2025,愛知県,香川県,518
2025,千葉県,奈良県,517
2025,埼玉県,富山県,517
2025,大分県,兵庫県,517
2025,兵庫県,宮城県,516
2025,岐阜県,富山県,516
2025,石川県,静岡県,516
2025,高知県,岡山県,516
2025,大分県,広島県,512
2025,徳島県,神奈川県,511
2025,福島県,群馬県,511
2025,京都府,長野県,510
2025,北海道,秋田県,509
2025,高知県,神奈川県,509
2025,岩手県,愛知県,506
2025,京都府,茨城県,505
2025,大分県,佐賀県,505
2025,沖縄県,静岡県,505
2025,三重県,北海道,503
2025,石川県,長野県,503
2025,茨城県,京都府,501
2025,北海道,熊本県,498
2025,宮崎県,兵庫県,497
2025,島根県,愛知県,497
2025,山口県,大分県,496
2025,福井県,滋賀県,496
2025,福島県,青森県,496
2025,長野県,京都府,496
2025,長野県,栃木県,496
2025,富山県,福井県,493
2025,滋賀県,静岡県,493
2025,兵庫県,石川県,492
2025,京都府,和歌山県,491
2025,三重県,福岡県,489
2025,広島県,沖縄県,488
2025,岐阜県,石川県,487
2025,静岡県,新潟県,487
2025,滋賀県,奈良県,482
2025,鹿児島県,京都府,482
2025,佐賀県,愛知県,480
2025,兵庫県,栃木県,480
2025,福岡県,群馬県,480
2025,愛知県,和歌山県,479
2025,鹿児島県,広島県,479
2025,兵庫県,長崎県,477
2025,新潟県,栃木県,475
2025,石川県,北海道,475
2025,島根県,福岡県,474
2025,新潟県,山形県,474
2025,岐阜県,福岡県,473
2025,岡山県,静岡県,470
2025,群馬県,福島県,470
2025,広島県,茨城県,469
2025,群馬県,兵庫県,466
2025,和歌山県,神奈川県,465
2025,大分県,山口県,464
2025,北海道,三重県,462
2025,福井県,千葉県,462
2025,岐阜県,北海道,460
2025,新潟県,静岡県,459
2025,石川県,滋賀県,459
2025,広島県,大分県,458
2025,宮城県,群馬県,457
2025,静岡県,石川県,454
2025,岩手県,山形県,452
2025,福岡県,岐阜県,452
2025,長野県,石川県,451
2025,島根県,神奈川県,450
2025,栃木県,兵庫県,449
2025,栃木県,新潟県,447
2025,山口県,静岡県,446
2025,奈良県,福岡県,445
2025,高知県,徳島県,444
2025,栃木県,福岡県,443
2025,沖縄県,広島県,443
2025,山口県,長崎県,442
2025,佐賀県,大分県,441
2025,福岡県,奈良県,441
2025,青森県,茨城県,441
2025,大阪府,福島県,440
2025,滋賀県,福井県,440
2025,福岡県,香川県,440
2025,群馬県,宮城県,437
2025,山口県,熊本県,436
2025,福島県,静岡県,434
2025,長崎県,山口県,434
2025,三重県,広島県,433
2025,兵庫県,大分県,432
2025,埼玉県,愛媛県,432
2025,愛知県,青森県,432
2025,沖縄県,宮崎県,432
2025,青森県,愛知県,431
2025,京都府,鹿児島県,430
2025,兵庫県,群馬県,430
2025,北海道,石川県,430
2025,埼玉県,大分県,430
2025,山口県,京都府,430
2025,岩手県,茨城県,429
2025,福井県,埼玉県,429
2025,京都府,石川県,427
2025,大阪府,佐賀県,426
2025,熊本県,京都府,426
2025,福岡県,長野県,426
2025,埼玉県,長崎県,425
2025,富山県,長野県,424
2025,山形県,岩手県,424
2025,神奈川県,佐賀県,424
2025,富山県,兵庫県,423
2025,埼玉県,山口県,421
2025,富山県,岐阜県,420
2025,新潟県,兵庫県,419
2025,埼玉県,宮崎県,418
2025,山形県,秋田県,418
2025,長崎県,北海道,418
2025,宮城県,京都府,416
2025,兵庫県,福井県,413
2025,北海道,山形県,411
2025,沖縄県,茨城県,411
2025,群馬県,福岡県,411
2025,北海道,岐阜県,409
2025,滋賀県,広島県,409
2025,千葉県,香川県,408
2025,三重県,石川県,407
2025,北海道,滋賀県,406
2025,石川県,岐阜県,406
2025,山口県,島根県,404
2025,埼玉県,奈良県,401
2025,岡山県,滋賀県,401
2025,鹿児島県,佐賀県,401
2025,富山県,京都府,400
2025,徳島県,京都府,400
2025,徳島県,愛知県,400
2025,秋田県,福島県,399
2025,長野県,福岡県,399
2025,山梨県,大阪府,396
2025,長野県,富山県,396
2025,茨城県,三重県,395
2025,茨城県,広島県,394
2025,三重県,和歌山県,392
2025,長崎県,京都府,392
2025,北海道,長崎県,390
2025,和歌山県,三重県,390
2025,鳥取県,神奈川県,390
2025,徳島県,岡山県,389
2025,茨城県,青森県,389
2025,徳島県,高知県,388
2025,岡山県,北海道,387
2025,愛知県,佐賀県,386
2025,愛知県,岩手県,386
2025,愛知県,島根県,386
2025,京都府,香川県,385
2025,京都府,熊本県,384
2025,岡山県,高知県,384
2025,福岡県,島根県,384
2025,新潟県,福岡県,382
2025,京都府,愛媛県,381
2025,愛媛県,山口県,381
2025,茨城県,山梨県,381
2025,高知県,広島県,381
2025,石川県,福岡県,380
2025,宮崎県,沖縄県,379
2025,茨城県,沖縄県,379
2025,青森県,大阪府,378
2025,徳島県,広島県,377
2025,徳島県,千葉県,376
2025,滋賀県,石川県,376
2025,兵庫県,宮崎県,375
2025,佐賀県,鹿児島県,374
2025,山形県,愛知県,373
2025,広島県,三重県,373
2025,神奈川県,福井県,373
2025,鳥取県,京都府,372
2025,三重県,栃木県,371
2025,宮崎県,長崎県,371
2025,広島県,徳島県,371
2025,高知県,愛知県,371
2025,福島県,秋田県,370
2025,長崎県,宮崎県,370
2025,滋賀県,北海道,366
2025,高知県,千葉県,365
2025,山形県,茨城県,362
2025,沖縄県,大分県,362
2025,熊本県,山口県,362
2025,山口県,沖縄県,361
2025,北海道,山梨県,359
2025,岩手県,大阪府,359
2025,神奈川県,島根県,359
2025,三重県,茨城県,358
2025,秋田県,愛知県,358
2025,佐賀県,千葉県,357
2025,神奈川県,徳島県,352
2025,岡山県,徳島県,351
2025,三重県,岩手県,348
2025,三重県,沖縄県,346
2025,和歌山県,千葉県,345
2025,埼玉県,佐賀県,345
2025,青森県,山形県,345
2025,佐賀県,埼玉県,344
2025,埼玉県,香川県,344
2025,島根県,京都府,344
2025,鹿児島県,茨城県,344
2025,静岡県,岡山県,343
2025,兵庫県,富山県,342
2025,熊本県,静岡県,342
2025,富山県,静岡県,341
2025,広島県,宮城県,341
2025,北海道,愛媛県,339
2025,大阪府,山梨県,338
2025,岐阜県,茨城県,338
2025,京都府,長崎県,337
2025,北海道,岡山県,337
2025,長崎県,静岡県,337
2025,茨城県,岐阜県,334
2025,静岡県,熊本県,334
2025,鳥取県,愛知県,334
2025,広島県,栃木県,333
2025,岡山県,茨城県,332
2025,三重県,長野県,331
2025,山形県,栃木県,331
2025,栃木県,三重県,331
2025,茨城県,岩手県,331
2025,神奈川県,和歌山県,330
2025,大分県,沖縄県,329
2025,山梨県,茨城県,328
2025,島根県,千葉県,328
2025,静岡県,富山県,328
2025,愛媛県,北海道,327
2025,静岡県,福島県,327
2025,京都府,宮城県,326
2025,高知県,福岡県,326
2025,和歌山県,埼玉県,324
2025,宮城県,長野県,324
2025,神奈川県,高知県,323
2025,福井県,静岡県,323
2025,福岡県,新潟県,323
2025,茨城県,山形県,323
2025,石川県,三重県,322
2025,高知県,京都府,322
2025,鹿児島県,山口県,322
2025,北海道,大分県,320
2025,新潟県,京都府,320
2025,沖縄県,長野県,320
2025,石川県,茨城県,320
2025,福島県,兵庫県,320
2025,栃木県,京都府,318
2025,茨城県,岡山県,318
2025,福井県,岐阜県,317
2025,京都府,山口県,316
2025,大分県,京都府,316
2025,沖縄県,山口県,314
2025,長野県,宮城県,314
2025,山口県,鹿児島県,313
2025,熊本県,茨城県,313
2025,静岡県,奈良県,313
2025,京都府,富山県,311
2025,宮城県,広島県,311
2025,奈良県,静岡県,310
2025,山形県,青森県,309
2025,宮崎県,京都府,308
2025,大阪府,岩手県,307
2025,宮城県,沖縄県,306
2025,北海道,富山県,305
2025,北海道,宮崎県,302
2025,宮崎県,山口県,302
2025,鹿児島県,静岡県,302
2025,岩手県,栃木県,301
2025,秋田県,新潟県,301
2025,佐賀県,兵庫県,300
2025,福岡県,石川県,297
2025,茨城県,熊本県,297
2025,長野県,三重県,296
2025,愛知県,徳島県,295
2025,滋賀県,岡山県,295
2025,兵庫県,新潟県,294
2025,愛媛県,静岡県,294
2025,広島県,岐阜県,292
2025,群馬県,京都府,291
2025,高知県,埼玉県,291
2025,京都府,島根県,290
2025,山梨県,北海道,290
2025,島根県,埼玉県,290
2025,奈良県,北海道,289
2025,山形県,大阪府,289
2025,岐阜県,福井県,289
2025,富山県,北海道,287
2025,愛知県,山形県,287
2025,青森県,静岡県,287
2025,埼玉県,島根県,286
2025,山口県,愛媛県,286
2025,岡山県,奈良県,286
2025,広島県,高知県,285
2025,群馬県,三重県,284
2025,栃木県,岩手県,283
2025,鳥取県,埼玉県,283
2025,京都府,栃木県,281
2025,京都府,徳島県,280
2025,三重県,群馬県,279
2025,岐阜県,広島県,279
2025,広島県,佐賀県,279
2025,愛知県,高知県,279
2025,栃木県,山梨県,279
2025,静岡県,福井県,279
2025,静岡県,鹿児島県,279
2025,沖縄県,三重県,278
2025,北海道,奈良県,277
2025,岡山県,三重県,277
2025,千葉県,福井県,276
2025,広島県,長野県,276
2025,滋賀県,長野県,276
2025,広島県,奈良県,274
2025,長野県,沖縄県,273
2025,北海道,山口県,272
2025,千葉県,和歌山県,271
2025,岐阜県,沖縄県,271
2025,佐賀県,広島県,270
2025,沖縄県,宮城県,270
2025,京都府,新潟県,269
2025,愛知県,秋田県,269
2025,静岡県,宮崎県,269
2025,鳥取県,福岡県,269
2025,山口県,北海道,268
2025,福岡県,福島県,268
2025,千葉県,徳島県,267
2025,青森県,栃木県,266
2025,岐阜県,群馬県,265
2025,徳島県,福岡県,264
2025,香川県,山口県,264
2025,宮崎県,佐賀県,263
2025,沖縄県,群馬県,263
2025,宮崎県,北海道,261
2025,岡山県,熊本県,261
2025,福岡県,鳥取県,260
2025,広島県,宮崎県,259
2025,愛知県,鳥取県,259
2025,茨城県,滋賀県,259
2025,宮城県,石川県,258
2025,山梨県,群馬県,258
2025,岩手県,静岡県,258
2025,沖縄県,佐賀県,258
2025,沖縄県,岐阜県,258
2025,長野県,広島県,258
2025,静岡県,青森県,257
2025,鹿児島県,滋賀県,256
2025,大分県,北海道,255
2025,愛媛県,大分県,255
2025,群馬県,滋賀県,254
2025,奈良県,広島県,253
2025,山口県,茨城県,253
2025,群馬県,山梨県,253
2025,長野県,滋賀県,253
2025,和歌山県,滋賀県,252
2025,岡山県,岐阜県,252
2025,京都府,大分県,251
2025,愛媛県,滋賀県,251
2025,石川県,宮城県,251
2025,石川県,群馬県,251
2025,三重県,岡山県,250
2025,千葉県,高知県,250
2025,三重県,富山県,249
2025,山梨県,栃木県,249
2025,福島県,長野県,249
2025,兵庫県,佐賀県,248
2025,山口県,宮崎県,248
2025,栃木県,沖縄県,248
2025,沖縄県,岡山県,248
2025,栃木県,山形県,247
2025,大阪府,青森県,246
2025,秋田県,栃木県,246
2025,群馬県,岐阜県,246
2025,山口県,佐賀県,244
2025,茨城県,石川県,244
2025,宮崎県,広島県,243
2025,沖縄県,栃木県,243
2025,石川県,広島県,243
2025,北海道,和歌山県,242
2025,秋田県,大阪府,242
2025,滋賀県,茨城県,241
2025,茨城県,鹿児島県,241
2025,静岡県,山口県,241
2025,鳥取県,千葉県,240
2025,秋田県,茨城県,239
2025,富山県,茨城県,238
2025,岡山県,沖縄県,237
2025,神奈川県,鳥取県,236
2025,兵庫県,福島県,235
2025,徳島県,埼玉県,235
2025,茨城県,山口県,235
2025,埼玉県,福井県,234
2025,山口県,香川県,234
2025,和歌山県,福岡県,233
2025,群馬県,沖縄県,233
2025,京都府,鳥取県,232
2025,福島県,福岡県,231
2025,鹿児島県,岡山県,231
2025,佐賀県,沖縄県,230
2025,滋賀県,和歌山県,230
2025,熊本県,岡山県,230
2025,岡山県,鹿児島県,229
2025,栃木県,広島県,228
2025,京都府,群馬県,226
2025,奈良県,沖縄県,226
2025,広島県,群馬県,226
2025,兵庫県,山梨県,225
2025,富山県,福岡県,225
2025,山口県,滋賀県,225
2025,青森県,新潟県,225
2025,大分県,静岡県,224
2025,愛媛県,熊本県,222
2025,新潟県,沖縄県,222
2025,静岡県,愛媛県,222
2025,大分県,愛媛県,221
2025,富山県,滋賀県,220
2025,青森県,福岡県,220
2025,山梨県,福岡県,219
2025,千葉県,島根県,218
2025,富山県,群馬県,218
2025,静岡県,長崎県,218
2025,京都府,高知県,217
2025,奈良県,岡山県,217
2025,滋賀県,沖縄県,217
2025,福井県,三重県,217
2025,長崎県,茨城県,217
2025,熊本県,三重県,216
2025,群馬県,石川県,216
2025,山形県,静岡県,215
2025,広島県,石川県,215
2025,山梨県,兵庫県,214
2025,鳥取県,山口県,214
2025,北海道,香川県,213
2025,大阪府,山形県,213
2025,福岡県,青森県,213
2025,佐賀県,山口県,211
2025,岡山県,栃木県,211
2025,福岡県,高知県,211
2025,岩手県,群馬県,210
2025,岡山県,宮崎県,209
2025,岡山県,大分県,208
2025,沖縄県,滋賀県,208
2025,三重県,宮城県,207
2025,沖縄県,青森県,207
2025,埼玉県,和歌山県,205
2025,山口県,鳥取県,205
2025,青森県,群馬県,205
2025,静岡県,岩手県,205
2025,千葉県,鳥取県,204
2025,熊本県,栃木県,204
2025,福島県,京都府,204
2025,群馬県,富山県,204
2025,三重県,熊本県,203
2025,福岡県,山梨県,203
2025,大阪府,秋田県,202
2025,岩手県,兵庫県,202
2025,広島県,青森県,202
2025,愛媛県,三重県,202
2025,栃木県,岐阜県,202
2025,岐阜県,岡山県,201
2025,静岡県,香川県,201
2025,鹿児島県,群馬県,201
2025,埼玉県,徳島県,200
2025,宮崎県,静岡県,200
2025,静岡県,大分県,200
2025,香川県,静岡県,200
2025,佐賀県,宮崎県,199
2025,岩手県,福岡県,199
2025,茨城県,宮崎県,199
2025,茨城県,秋田県,199
2025,長崎県,岡山県,197
2025,和歌山県,静岡県,196
2025,宮崎県,茨城県,196
2025,愛媛県,沖縄県,196
2025,福島県,石川県,196
2025,京都府,宮崎県,195
2025,沖縄県,奈良県,195
2025,山形県,群馬県,193
2025,岐阜県,栃木県,193
2025,栃木県,青森県,192
2025,岩手県,三重県,191
2025,北海道,佐賀県,190
2025,新潟県,山梨県,190
2025,滋賀県,富山県,190
2025,滋賀県,栃木県,190
2025,長野県,福島県,190
2025,栃木県,滋賀県,189
2025,石川県,栃木県,189
2025,富山県,三重県,188
2025,岡山県,宮城県,188
2025,鹿児島県,岐阜県,188
2025,佐賀県,京都府,187
2025,岩手県,新潟県,187
2025,大分県,岡山県,186
2025,奈良県,岐阜県,186
2025,広島県,和歌山県,186
2025,群馬県,熊本県,186
2025,新潟県,秋田県,185
2025,三重県,福井県,184
2025,岐阜県,新潟県,184
2025,栃木県,石川県,184
2025,福岡県,和歌山県,184
2025,茨城県,富山県,183
2025,青森県,京都府,183
2025,青森県,沖縄県,182
2025,鹿児島県,長野県,182
2025,三重県,鹿児島県,181
2025,大分県,三重県,181
2025,沖縄県,新潟県,181
2025,兵庫県,青森県,180
2025,岐阜県,山梨県,180
2025,岡山県,群馬県,180
2025,長野県,鹿児島県,180
2025,福岡県,徳島県,179
2025,新潟県,岐阜県,178
2025,香川県,滋賀県,177
2025,宮城県,三重県,175
2025,宮城県,滋賀県,175
2025,山口県,三重県,175
2025,愛媛県,茨城県,175
2025,埼玉県,鳥取県,174
2025,岡山県,長崎県,174
2025,群馬県,山形県,174
2025,島根県,静岡県,173
2025,福井県,新潟県,173
2025,熊本県,宮城県,172
2025,青森県,兵庫県,172
2025,静岡県,島根県,172
2025,山梨県,新潟県,171
2025,埼玉県,高知県,170
2025,宮城県,熊本県,170
2025,山梨県,京都府,170
2025,岡山県,新潟県,170
2025,福島県,三重県,170
2025,香川県,沖縄県,170
2025,徳島県,静岡県,169
2025,滋賀県,熊本県,169
2025,石川県,奈良県,168
2025,群馬県,広島県,168
2025,大分県,茨城県,167
2025,岐阜県,山口県,166
2025,福井県,長野県,166
2025,福岡県,富山県,166
2025,山口県,徳島県,165
2025,福井県,福岡県,165
2025,鹿児島県,三重県,165
2025,徳島県,北海道,164
2025,群馬県,岩手県,164
2025,静岡県,山形県,164
2025,香川県,三重県,164
2025,香川県,北海道,164
2025,三重県,大分県,163
2025,島根県,滋賀県,163
2025,新潟県,広島県,163
2025,沖縄県,愛媛県,163
2025,滋賀県,鹿児島県,163
2025,熊本県,滋賀県,163
2025,三重県,山口県,162
2025,熊本県,群馬県,162
2025,福井県,北海道,162
2025,長野県,福井県,162
2025,京都府,青森県,161
2025,滋賀県,山口県,161
2025,愛媛県,鹿児島県,160
2025,宮崎県,宮城県,159
2025,奈良県,茨城県,158
2025,岐阜県,奈良県,158
2025,山梨県,沖縄県,157
2025,茨城県,大分県,157
2025,茨城県,香川県,157
2025,長野県,熊本県,157
2025,静岡県,秋田県,157
2025,京都府,山梨県,156
2025,宮城県,岐阜県,156
2025,新潟県,三重県,156
2025,栃木県,富山県,156
2025,静岡県,和歌山県,156
2025,兵庫県,岩手県,155
2025,北海道,高知県,155
2025,和歌山県,北海道,155
2025,広島県,新潟県,155
2025,沖縄県,香川県,155
2025,滋賀県,群馬県,153
2025,福井県,茨城県,153
2025,北海道,福井県,152
2025,宮崎県,岡山県,152
2025,愛媛県,奈良県,152
2025,栃木県,熊本県,152
2025,福岡県,福井県,152
2025,福島県,沖縄県,152
2025,群馬県,岡山県,152
2025,静岡県,佐賀県,152
2025,岡山県,長野県,151
2025,新潟県,福井県,151
2025,栃木県,秋田県,151
2025,沖縄県,石川県,151
2025,滋賀県,香川県,151
2025,和歌山県,広島県,150
2025,山口県,岐阜県,150
2025,岐阜県,愛媛県,150
2025,香川県,奈良県,150
2025,秋田県,静岡県,149
2025,宮城県,山梨県,148
2025,群馬県,鹿児島県,148
2025,茨城県,奈良県,148
2025,茨城県,福井県,148
2025,長野県,岡山県,148
2025,徳島県,滋賀県,147
2025,静岡県,徳島県,147
2025,佐賀県,北海道,146
2025,奈良県,長野県,145
2025,宮城県,岡山県,145
2025,福井県,栃木県,145
2025,岐阜県,宮城県,144
2025,鹿児島県,栃木県,144
2025,京都府,佐賀県,143
2025,富山県,宮城県,143
2025,新潟県,岩手県,143
2025,栃木県,岡山県,143
2025,石川県,岡山県,143
2025,長崎県,三重県,143
2025,石川県,沖縄県,142
2025,奈良県,石川県,141
2025,富山県,栃木県,141
2025,岩手県,京都府,141
2025,島根県,茨城県,141
2025,徳島県,山口県,141
2025,福島県,広島県,141
2025,秋田県,群馬県,141
2025,群馬県,青森県,141
2025,青森県,宮崎県,141
2025,山形県,長野県,140
2025,広島県,富山県,140
2025,滋賀県,愛媛県,140
2025,福岡県,岩手県,140
2025,鳥取県,北海道,140
2025,三重県,愛媛県,139
2025,山梨県,宮城県,139
2025,広島県,山梨県,139
2025,熊本県,岐阜県,139
2025,山口県,奈良県,138
2025,長崎県,栃木県,138
2025,三重県,山梨県,137
2025,岡山県,佐賀県,137
2025,愛媛県,岐阜県,137
2025,宮城県,富山県,136
2025,山形県,京都府,136
2025,愛媛県,栃木県,136
2025,長崎県,滋賀県,136
2025,岡山県,和歌山県,135
2025,熊本県,愛媛県,135
2025,熊本県,長野県,135
2025,岐阜県,鹿児島県,134
2025,新潟県,滋賀県,134
2025,滋賀県,島根県,134
2025,京都府,福島県,133
2025,宮崎県,滋賀県,133
2025,山口県,群馬県,133
2025,新潟県,青森県,133
2025,長崎県,長野県,133
2025,青森県,長野県,133
2025,滋賀県,大分県,132
2025,茨城県,長崎県,132
2025,香川県,茨城県,131
2025,福島県,山梨県,130
2025,青森県,広島県,130
2025,秋田県,長野県,129
2025,和歌山県,岐阜県,128
2025,岡山県,石川県,128
2025,長崎県,宮城県,128
2025,山梨県,岐阜県,127
2025,広島県,福島県,127
2025,愛媛県,長崎県,127
2025,沖縄県,山梨県,127
2025,鹿児島県,奈良県,127
2025,熊本県,香川県,126
2025,秋田県,兵庫県,126
2025,愛媛県,和歌山県,125
2025,香川県,熊本県,125
2025,三重県,長崎県,124
2025,宮崎県,栃木県,124
2025,愛媛県,宮城県,124
2025,三重県,香川県,123
2025,福島県,岐阜県,123
2025,長野県,岩手県,123
2025,高知県,奈良県,123
2025,和歌山県,岡山県,122
2025,富山県,岡山県,122
2025,広島県,福井県,122
2025,新潟県,岡山県,122
2025,沖縄県,福島県,122
2025,鹿児島県,愛媛県,122
2025,佐賀県,茨城県,121
2025,徳島県,奈良県,121
2025,石川県,山梨県,121
2025,茨城県,愛媛県,121
2025,静岡県,鳥取県,121
2025,鳥取県,静岡県,121
2025,岡山県,富山県,120
2025,愛媛県,島根県,120
2025,青森県,石川県,120
2025,奈良県,群馬県,119
2025,山梨県,三重県,119
2025,岩手県,長野県,119
2025,宮城県,鹿児島県,118
2025,富山県,広島県,118
2025,広島県,岩手県,118
2025,茨城県,島根県,118
2025,京都府,岩手県,117
2025,鹿児島県,香川県,117
2025,三重県,新潟県,116
2025,宮崎県,群馬県,116
2025,山梨県,福島県,116
2025,岐阜県,福島県,116
2025,島根県,愛媛県,116
2025,栃木県,鹿児島県,116
2025,滋賀県,宮城県,116
2025,滋賀県,長崎県,116
2025,福岡県,山形県,116
2025,長野県,奈良県,116
2025,宮崎県,岐阜県,115
2025,徳島県,茨城県,115
2025,福井県,群馬県,115
2025,長野県,山形県,115
2025,高知県,静岡県,115
2025,佐賀県,静岡県,114
2025,山形県,福岡県,114
2025,香川県,長崎県,114
2025,北海道,徳島県,113
2025,岐阜県,熊本県,113
2025,愛媛県,群馬県,113
2025,群馬県,大分県,113
2025,青森県,鹿児島県,113
2025,山口県,長野県,112
2025,岐阜県,長崎県,112
2025,島根県,岐阜県,112
2025,滋賀県,宮崎県,112
2025,福井県,奈良県,112
2025,福井県,広島県,112
2025,長崎県,愛媛県,112
2025,北海道,鳥取県,111
2025,滋賀県,新潟県,111
2025,奈良県,香川県,110
2025,山口県,石川県,110
2025,山形県,兵庫県,110
2025,群馬県,奈良県,110
2025,佐賀県,岡山県,109
2025,奈良県,愛媛県,109
2025,三重県,福島県,108
2025,山口県,栃木県,108
2025,愛媛県,長野県,108
2025,愛媛県,鳥取県,108
2025,茨城県,和歌山県,108
2025,大分県,奈良県,107
2025,大分県,岐阜県,107
2025,岡山県,福井県,107
2025,岩手県,山梨県,107
2025,福島県,滋賀県,107
2025,群馬県,秋田県,107
2025,長崎県,青森県,107
2025,奈良県,徳島県,106
2025,宮崎県,長野県,106
2025,島根県,北海道,106
2025,沖縄県,徳島県,106
2025,鹿児島県,宮城県,106
2025,奈良県,鹿児島県,105
2025,愛媛県,宮崎県,105
2025,秋田県,福岡県,105
2025,長崎県,岐阜県,105
2025,香川県,鹿児島県,105
2025,島根県,三重県,104
2025,栃木県,大分県,104
2025,大分県,長野県,103
2025,宮崎県,三重県,103
2025,高知県,三重県,103
2025,和歌山県,茨城県,102
2025,大分県,群馬県,102
2025,山口県,宮城県,102
2025,岐阜県,和歌山県,102
2025,島根県,香川県,102
2025,和歌山県,長野県,101
2025,群馬県,福井県,101
2025,鹿児島県,新潟県,101
2025,北海道,島根県,100
2025,大分県,滋賀県,100
2025,奈良県,山口県,100
2025,宮城県,長崎県,100
2025,山梨県,石川県,100
2025,新潟県,奈良県,100
2025,栃木県,山口県,100
2025,静岡県,高知県,100
2025,三重県,宮崎県,99
2025,岐阜県,香川県,99
2025,栃木県,島根県,99
2025,秋田県,京都府,99
2025,長野県,青森県,99
2025,高知県,山口県,99
2025,鳥取県,愛媛県,99
2025,徳島県,沖縄県,98
2025,熊本県,奈良県,98
2025,高知県,滋賀県,98
2025,山梨県,熊本県,97
2025,岩手県,岐阜県,97
2025,岩手県,広島県,97
2025,福島県,岡山県,97
2025,長野県,宮崎県,97
2025,鳥取県,香川県,97
2025,福岡県,秋田県,96
2025,長野県,愛媛県,96
2025,長野県,秋田県,96
2025,青森県,岐阜県,96
2025,香川県,島根県,96
2025,和歌山県,沖縄県,95
2025,栃木県,長崎県,95
2025,熊本県,新潟県,95
2025,福島県,熊本県,95
2025,長崎県,奈良県,95
2025,長崎県,群馬県,95
2025,鹿児島県,福島県,95
2025,佐賀県,滋賀県,94
2025,岐阜県,宮崎県,94
2025,滋賀県,岩手県,94
2025,長野県,山口県,94
2025,香川県,長野県,94
2025,奈良県,栃木県,93
2025,富山県,福島県,93
2025,福島県,富山県,93
2025,長野県,長崎県,93
2025,和歌山県,徳島県,92
2025,奈良県,富山県,92
2025,宮城県,奈良県,92
2025,岩手県,石川県,92
2025,熊本県,山梨県,92
2025,石川県,鹿児島県,92
2025,長崎県,香川県,92
2025,高知県,茨城県,92
2025,奈良県,熊本県,91
2025,鳥取県,茨城県,91
2025,奈良県,宮崎県,90
2025,宮崎県,奈良県,90
2025,岩手県,沖縄県,90
2025,新潟県,鹿児島県,90
2025,沖縄県,島根県,90
2025,滋賀県,福島県,90
2025,香川県,大分県,90
2025,香川県,栃木県,90
2025,沖縄県,和歌山県,89
2025,沖縄県,岩手県,89
2025,石川県,愛媛県,89
2025,青森県,山口県,89
2025,高知県,熊本県,89
2025,徳島県,長野県,88
2025,石川県,大分県,88
2025,茨城県,徳島県,88
2025,茨城県,高知県,88
2025,高知県,北海道,88
2025,高知県,沖縄県,88
2025,島根県,沖縄県,87
2025,徳島県,三重県,87
2025,石川県,香川県,87
2025,高知県,長野県,87
2025,奈良県,大分県,86
2025,島根県,鹿児島県,86
2025,徳島県,岐阜県,86
2025,熊本県,高知県,86
2025,福島県,福井県,86
2025,鹿児島県,石川県,86
2025,兵庫県,山形県,85
2025,兵庫県,秋田県,85
2025,宮城県,大分県,85
2025,宮城県,山口県,85
2025,宮城県,愛媛県,85
2025,富山県,奈良県,85
2025,岐阜県,島根県,85
2025,鳥取県,滋賀県,85
2025,鹿児島県,山梨県,85
2025,奈良県,長崎県,84
2025,福井県,沖縄県,84
2025,群馬県,香川県,84
2025,長崎県,石川県,84
2025,三重県,島根県,83
2025,富山県,山形県,83
2025,徳島県,和歌山県,83
2025,石川県,福島県,83
2025,茨城県,佐賀県,83
2025,長野県,香川県,83
2025,香川県,宮城県,83
2025,奈良県,福井県,82
2025,宮城県,宮崎県,82
2025,宮崎県,愛媛県,82
2025,山梨県,滋賀県,82
2025,滋賀県,山梨県,82
2025,滋賀県,徳島県,82
2025,石川県,山口県,82
2025,福島県,大分県,82
2025,高知県,鳥取県,82
2025,佐賀県,長野県,81
2025,奈良県,宮城県,81
2025,山口県,新潟県,81
2025,岐阜県,大分県,81
2025,愛媛県,石川県,81
2025,熊本県,石川県,81
2025,高知県,鹿児島県,81
2025,愛媛県,佐賀県,80
2025,石川県,青森県,80
2025,福島県,鹿児島県,80
2025,長野県,大分県,80
2025,長野県,島根県,80
2025,高知県,島根県,80
2025,京都府,山形県,79
2025,富山県,山梨県,79
2025,山形県,沖縄県,79
2025,沖縄県,高知県,79
2025,滋賀県,佐賀県,79
2025,熊本県,富山県,79
2025,青森県,山梨県,79
2025,香川県,鳥取県,79
2025,高知県,岐阜県,79
2025,三重県,佐賀県,78
2025,和歌山県,香川県,78
2025,島根県,奈良県,78
2025,島根県,栃木県,78
2025,広島県,山形県,78
2025,熊本県,島根県,78
2025,香川県,岐阜県,78
2025,山形県,山梨県,77
2025,山形県,石川県,77
2025,山梨県,広島県,77
2025,徳島県,長崎県,77
2025,熊本県,徳島県,77
2025,石川県,島根県,77
2025,福井県,福島県,77
2025,長野県,和歌山県,77
2025,青森県,三重県,77
2025,鹿児島県,和歌山県,77
2025,和歌山県,山口県,76
2025,奈良県,新潟県,76
2025,山梨県,岡山県,76
2025,新潟県,山口県,76
2025,新潟県,熊本県,76
2025,秋田県,石川県,76
2025,群馬県,愛媛県,76
2025,和歌山県,熊本県,75
2025,石川県,熊本県,75
2025,長崎県,新潟県,75
2025,鹿児島県,島根県,75
2025,佐賀県,三重県,74
2025,和歌山県,愛媛県,74
2025,和歌山県,福井県,74
2025,大分県,香川県,74
2025,山口県,高知県,74
2025,山形県,広島県,74
2025,山梨県,岩手県,74
2025,福井県,岡山県,74
2025,群馬県,宮崎県,74
2025,青森県,長崎県,74
2025,大分県,宮城県,73
2025,宮城県,香川県,73
2025,栃木県,香川県,73
2025,沖縄県,鳥取県,73
2025,石川県,岩手県,73
2025,三重県,鳥取県,72
2025,和歌山県,鹿児島県,72
2025,富山県,沖縄県,72
2025,岐阜県,青森県,72
2025,岡山県,福島県,72
2025,岩手県,熊本県,72
2025,沖縄県,富山県,72
2025,香川県,和歌山県,72
2025,大分県,栃木県,71
2025,山梨県,富山県,71
2025,徳島県,鹿児島県,71
2025,熊本県,岩手県,71
2025,徳島県,島根県,70
2025,徳島県,熊本県,70
2025,滋賀県,鳥取県,70
2025,長崎県,福島県,70
2025,鳥取県,奈良県,70
2025,島根県,石川県,69
2025,栃木県,佐賀県,69
2025,沖縄県,福井県,69
2025,福島県,香川県,69
2025,群馬県,長崎県,69
2025,香川県,宮崎県,69
2025,香川県,新潟県,69
2025,和歌山県,栃木県,68
2025,山形県,三重県,68
2025,岐阜県,徳島県,68
2025,島根県,長崎県,68
2025,滋賀県,高知県,68
2025,群馬県,山口県,68
2025,三重県,高知県,67
2025,和歌山県,群馬県,67
2025,大分県,石川県,67
2025,奈良県,島根県,67
2025,山口県,青森県,67
2025,福島県,長崎県,67
2025,高知県,大分県,67
2025,大分県,島根県,66
2025,宮崎県,石川県,66
2025,山梨県,鹿児島県,66
2025,島根県,大分県,66
2025,栃木県,奈良県,66
2025,栃木県,福井県,66
2025,秋田県,富山県,66
2025,香川県,石川県,66
2025,佐賀県,新潟県,65
2025,佐賀県,栃木県,65
2025,奈良県,鳥取県,65
2025,山形県,岐阜県,65
2025,岐阜県,高知県,65
2025,島根県,熊本県,65
2025,島根県,群馬県,65
2025,栃木県,宮崎県,65
2025,長崎県,徳島県,65
2025,鳥取県,徳島県,65
2025,鹿児島県,青森県,65
2025,奈良県,高知県,64
2025,富山県,山口県,64
2025,島根県,福井県,64
2025,徳島県,栃木県,64
2025,徳島県,群馬県,64
2025,愛媛県,福島県,64
2025,栃木県,愛媛県,64
2025,熊本県,和歌山県,64
2025,長野県,佐賀県,64
2025,鳥取県,熊本県,64
2025,佐賀県,愛媛県,63
2025,奈良県,山梨県,63
2025,山口県,和歌山県,63
2025,福島県,奈良県,63
2025,群馬県,和歌山県,63
2025,長崎県,山梨県,63
2025,山口県,富山県,62
2025,岩手県,富山県,62
2025,青森県,熊本県,62
2025,鹿児島県,高知県,62
2025,大分県,新潟県,61
2025,岐阜県,岩手県,61
2025,石川県,宮崎県,61
2025,福井県,和歌山県,61
2025,秋田県,三重県,61
2025,三重県,徳島県,60
2025,宮城県,福井県,60
2025,島根県,徳島県,60
2025,長崎県,山形県,60
2025,長崎県,島根県,60
2025,高知県,群馬県,60
2025,三重県,青森県,59
2025,佐賀県,岐阜県,59
2025,佐賀県,群馬県,59
2025,和歌山県,大分県,59
2025,和歌山県,長崎県,59
2025,大分県,福島県,59
2025,宮崎県,福島県,59
2025,岩手県,鹿児島県,59
2025,愛媛県,青森県,59
2025,熊本県,福島県,59
2025,石川県,山形県,59
2025,石川県,秋田県,59
2025,石川県,長崎県,59
2025,青森県,滋賀県,59
2025,香川県,群馬県,59
2025,鹿児島県,徳島県,59
2025,山梨県,山口県,58
2025,山梨県,愛媛県,58
2025,岡山県,山梨県,58
2025,愛媛県,山梨県,58
2025,新潟県,長崎県,58
2025,熊本県,山形県,58
2025,福島県,宮崎県,58
2025,秋田県,沖縄県,58
2025,香川県,福島県,58
2025,山口県,福島県,57
2025,山形県,滋賀県,57
2025,岩手県,滋賀県,57
2025,秋田県,岐阜県,57
2025,高知県,和歌山県,57
2025,和歌山県,高知県,56
2025,宮崎県,山梨県,56
2025,山口県,山梨県,56
2025,福島県,愛媛県,56
2025,長崎県,富山県,56
2025,高知県,栃木県,56
2025,京都府,秋田県,55
2025,和歌山県,宮崎県,55
2025,和歌山県,石川県,55
2025,大分県,高知県,55
2025,岡山県,岩手県,55
2025,徳島県,大分県,55
2025,新潟県,愛媛県,55
2025,沖縄県,山形県,55
2025,福井県,山口県,55
2025,秋田県,広島県,55
2025,群馬県,徳島県,55
2025,鳥取県,高知県,55
2025,鳥取県,鹿児島県,55
2025,和歌山県,福島県,54
2025,宮城県,島根県,54
2025,宮崎県,新潟県,54
2025,宮崎県,高知県,54
2025,山梨県,青森県,54
2025,新潟県,大分県,54
2025,新潟県,香川県,54
2025,福井県,宮城県,54
2025,秋田県,滋賀県,54
2025,長野県,徳島県,54
2025,鳥取県,石川県,54
2025,鳥取県,長野県,54
2025,鹿児島県,鳥取県,54
2025,山形県,鹿児島県,53
2025,山梨県,大分県,53
2025,岩手県,岡山県,53
2025,島根県,長野県,53
2025,鳥取県,宮城県,53
2025,佐賀県,奈良県,52
2025,愛媛県,新潟県,52
2025,新潟県,宮崎県,52
2025,秋田県,鹿児島県,52
2025,佐賀県,香川県,51
2025,和歌山県,宮城県,51
2025,新潟県,和歌山県,51
2025,青森県,大分県,51
2025,青森県,岡山県,51
2025,鳥取県,岐阜県,51
2025,和歌山県,富山県,50
2025,宮城県,佐賀県,50
2025,宮城県,和歌山県,50
2025,宮崎県,香川県,50
2025,富山県,岩手県,50
2025,富山県,島根県,50
2025,山形県,富山県,50
2025,熊本県,福井県,50
2025,長崎県,鳥取県,50
2025,香川県,佐賀県,50
2025,鹿児島県,岩手県,50
2025,奈良県,福島県,49
2025,富山県,宮崎県,49
2025,島根県,宮城県,49
2025,島根県,新潟県,49
2025,愛媛県,岩手県,49
2025,福井県,熊本県,49
2025,群馬県,島根県,49
2025,青森県,富山県,49
2025,高知県,宮城県,49
2025,高知県,長崎県,49
2025,鳥取県,沖縄県,49
2025,宮崎県,青森県,48
2025,富山県,熊本県,48
2025,山梨県,宮崎県,48
2025,岐阜県,鳥取県,48
2025,徳島県,鳥取県,48
2025,愛媛県,富山県,48
2025,新潟県,徳島県,48
2025,福井県,鹿児島県,48
2025,青森県,福井県,48
2025,大分県,和歌山県,47
2025,宮崎県,島根県,47
2025,岐阜県,佐賀県,47
2025,徳島県,新潟県,47
2025,鳥取県,三重県,47
2025,鳥取県,長崎県,47
2025,和歌山県,新潟県,46
2025,奈良県,青森県,46
2025,山梨県,香川県,46
2025,岐阜県,山形県,46
2025,岩手県,愛媛県,46
2025,栃木県,高知県,46
2025,沖縄県,秋田県,46
2025,石川県,高知県,46
2025,群馬県,高知県,46
2025,長崎県,高知県,46
2025,高知県,宮崎県,46
2025,鳥取県,大分県,46
2025,鳥取県,宮崎県,46
2025,三重県,山形県,45
2025,宮崎県,和歌山県,45
2025,宮崎県,徳島県,45
2025,石川県,和歌山県,45
2025,秋田県,山梨県,45
2025,青森県,愛媛県,45
2025,大分県,徳島県,44
2025,山梨県,奈良県,44
2025,山梨県,長崎県,44
2025,岡山県,青森県,44
2025,島根県,佐賀県,44
2025,栃木県,和歌山県,44
2025,福井県,島根県,44
2025,福井県,青森県,44
2025,福島県,山口県,44
2025,長崎県,福井県,44
2025,青森県,奈良県,44
2025,富山県,大分県,43
2025,山口県,福井県,43
2025,山形県,長崎県,43
2025,岩手県,大分県,43
2025,徳島県,佐賀県,43
2025,熊本県,鳥取県,43
2025,高知県,石川県,43
2025,鹿児島県,富山県,43
2025,和歌山県,鳥取県,42
2025,福井県,山梨県,42
2025,福島県,徳島県,42
2025,長崎県,岩手県,42
2025,大分県,富山県,41
2025,大分県,鳥取県,41
2025,福井県,長崎県,41
2025,長野県,高知県,41
2025,大分県,山梨県,40
2025,山形県,熊本県,40
2025,山梨県,山形県,40
2025,岐阜県,秋田県,40
2025,徳島県,宮城県,40
2025,新潟県,鳥取県,40
2025,群馬県,佐賀県,40
2025,長野県,鳥取県,40
2025,鳥取県,新潟県,40
2025,鹿児島県,福井県,40
2025,富山県,香川県,39
2025,山形県,岡山県,39
2025,徳島県,富山県,39
2025,栃木県,徳島県,39
2025,石川県,徳島県,39
2025,福井県,愛媛県,39
2025,佐賀県,宮城県,38
2025,宮崎県,鳥取県,38
2025,山梨県,秋田県,38
2025,島根県,高知県,38
2025,滋賀県,青森県,38
2025,長崎県,和歌山県,38
2025,長崎県,秋田県,38
2025,香川県,福井県,38
2025,高知県,青森県,38
2025,鳥取県,栃木県,38
2025,佐賀県,島根県,37
2025,富山県,愛媛県,37
2025,岡山県,山形県,37
2025,島根県,富山県,37
2025,広島県,秋田県,37
2025,福島県,島根県,37
2025,鳥取県,群馬県,37
2025,富山県,青森県,36
2025,富山県,鹿児島県,36
2025,山形県,福井県,36
2025,島根県,山梨県,36
2025,新潟県,佐賀県,36
2025,滋賀県,山形県,36
2025,秋田県,岡山県,36
2025,香川県,富山県,36
2025,岩手県,奈良県,35
2025,島根県,和歌山県,35
2025,徳島県,石川県,35
2025,茨城県,鳥取県,35
2025,香川県,山梨県,35
2025,香川県,青森県,35
2025,高知県,新潟県,35
2025,佐賀県,山梨県,34
2025,佐賀県,石川県,34
2025,宮城県,徳島県,34
2025,宮城県,高知県,34
2025,富山県,秋田県,34
2025,富山県,長崎県,34
2025,岩手県,山口県,34
2025,島根県,宮崎県,34
2025,福井県,香川県,34
2025,青森県,徳島県,34
2025,宮崎県,富山県,33
2025,岡山県,秋田県,33
2025,栃木県,鳥取県,33
2025,高知県,佐賀県,33
2025,鳥取県,和歌山県,33
2025,大分県,岩手県,32
2025,奈良県,秋田県,32
2025,山形県,山口県,32
2025,新潟県,高知県,32
2025,群馬県,鳥取県,32
2025,鹿児島県,秋田県,32
2025,佐賀県,高知県,31
2025,大分県,福井県,31
2025,岩手県,香川県,31
2025,熊本県,青森県,31
2025,福井県,鳥取県,31
2025,秋田県,熊本県,31
2025,青森県,島根県,31
2025,和歌山県,島根県,30
2025,宮崎県,福井県,30
2025,富山県,和歌山県,30
2025,山梨県,佐賀県,30
2025,山梨県,島根県,30
2025,山梨県,徳島県,30
2025,福井県,宮崎県,30
2025,福島県,佐賀県,30
2025,青森県,香川県,30
2025,鳥取県,福井県,30
2025,三重県,秋田県,29
2025,奈良県,佐賀県,29
2025,徳島県,宮崎県,29
2025,徳島県,山梨県,29
2025,秋田県,宮崎県,29
2025,佐賀県,徳島県,28
2025,奈良県,岩手県,28
2025,山口県,山形県,28
2025,山梨県,福井県,28
2025,岩手県,長崎県,28
2025,福井県,大分県,28
2025,福島県,高知県,28
2025,香川県,岩手県,28
2025,鳥取県,富山県,28
2025,鹿児島県,山形県,28
2025,佐賀県,福島県,27
2025,和歌山県,佐賀県,27
2025,富山県,徳島県,27
2025,山形県,愛媛県,27
2025,愛媛県,福井県,27
2025,石川県,鳥取県,27
2025,秋田県,山口県,27
2025,秋田県,香川県,27
2025,鳥取県,福島県,27
2025,和歌山県,青森県,26
2025,大分県,青森県,26
2025,山梨県,和歌山県,26
2025,島根県,青森県,26
2025,滋賀県,秋田県,26
2025,福島県,和歌山県,26
2025,秋田県,奈良県,26
2025,秋田県,長崎県,26
2025,高知県,山梨県,26
2025,高知県,福井県,26
2025,山形県,佐賀県,25
2025,福井県,高知県,25
2025,佐賀県,富山県,24
2025,大分県,山形県,24
2025,山口県,岩手県,24
2025,岩手県,宮崎県,24
2025,石川県,佐賀県,24
2025,秋田県,愛媛県,24
2025,青森県,鳥取県,24
2025,鳥取県,山梨県,24
2025,佐賀県,福井県,23
2025,山形県,奈良県,23
2025,秋田県,鳥取県,23
2025,富山県,佐賀県,22
2025,島根県,福島県,22
2025,福井県,佐賀県,22
2025,福井県,山形県,22
2025,福島県,鳥取県,22
2025,秋田県,福井県,22
2025,佐賀県,秋田県,21
2025,和歌山県,山梨県,21
2025,宮城県,鳥取県,21
2025,山形県,大分県,21
2025,熊本県,秋田県,21
2025,宮崎県,秋田県,20
2025,山形県,香川県,20
2025,山梨県,高知県,20
2025,島根県,岩手県,20
2025,愛媛県,秋田県,20
2025,青森県,佐賀県,20
2025,奈良県,山形県,19
2025,宮崎県,岩手県,19
2025,富山県,高知県,19
2025,富山県,鳥取県,19
2025,山口県,秋田県,19
2025,徳島県,岩手県,19
2025,徳島県,福島県,19
2025,愛媛県,山形県,19
2025,青森県,和歌山県,19
2025,高知県,富山県,19
2025,鳥取県,岩手県,19
2025,佐賀県,岩手県,18
2025,佐賀県,鳥取県,18
2025,山形県,宮崎県,18
2025,岩手県,徳島県,18
2025,岩手県,福井県,18
2025,徳島県,福井県,18
2025,福井県,岩手県,18
2025,秋田県,和歌山県,18
2025,青森県,高知県,18
2025,鳥取県,佐賀県,18
2025,佐賀県,青森県,17
2025,岩手県,高知県,17
2025,島根県,秋田県,17
2025,福井県,秋田県,17
2025,佐賀県,和歌山県,16
2025,佐賀県,山形県,16
2025,岩手県,和歌山県,16
2025,秋田県,島根県,16
2025,鳥取県,青森県,16
2025,山形県,和歌山県,15
2025,山形県,徳島県,15
2025,徳島県,青森県,15
2025,岩手県,佐賀県,14
2025,岩手県,鳥取県,14
2025,秋田県,大分県,14
2025,高知県,福島県,14
2025,和歌山県,山形県,13
2025,大分県,秋田県,13
2025,山梨県,鳥取県,13
2025,福井県,徳島県,13
2025,和歌山県,岩手県,12
2025,山形県,島根県,12
2025,新潟県,島根県,12
2025,鳥取県,山形県,12
2025,岩手県,島根県,11
2025,香川県,秋田県,11
2025,高知県,岩手県,11
2025,高知県,秋田県,11
2025,和歌山県,秋田県,10
2025,山形県,高知県,10
2025,島根県,山形県,10
2025,秋田県,佐賀県,9
2025,秋田県,徳島県,9
2025,香川県,山形県,9
2025,鳥取県,秋田県,9
2025,秋田県,高知県,7
2025,宮崎県,山形県,6
2025,徳島県,山形県,6
2025,高知県,山形県,6
2025,山形県,鳥取県,4
2025,徳島県,秋田県,4
